<?xml version="1.0" encoding="UTF-8"?>
<project-private xmlns="http://www.netbeans.org/ns/project-private/1">
    <editor-bookmarks xmlns="http://www.netbeans.org/ns/editor-bookmarks/2" lastBookmarkId="0"/>
    <open-files xmlns="http://www.netbeans.org/ns/projectui-open-files/2">
        <group>
            <file>file:/C:/Users/ksori/Documents/NetBeansProjects/DirectotrioEmpleados/src/controladores/EditarDepartamentosController.java</file>
            <file>file:/C:/Users/ksori/Documents/NetBeansProjects/DirectotrioEmpleados/src/controladores/VerEmpleadoController.java</file>
            <file>file:/C:/Users/ksori/Documents/NetBeansProjects/DirectotrioEmpleados/src/vistas/Ingreso.java</file>
            <file>file:/C:/Users/ksori/Documents/NetBeansProjects/DirectotrioEmpleados/src/controladores/VerDepartamentoController.java</file>
            <file>file:/C:/Users/ksori/Documents/NetBeansProjects/DirectotrioEmpleados/src/vistas/EditarEmpleadoInternalFrame.java</file>
            <file>file:/C:/Users/ksori/Documents/NetBeansProjects/DirectotrioEmpleados/src/vistas/EditarDeparatmentoInternalFrame.java</file>
            <file>file:/C:/Users/ksori/Documents/NetBeansProjects/DirectotrioEmpleados/src/vistas/PrincipalV.java</file>
            <file>file:/C:/Users/ksori/Documents/NetBeansProjects/DirectotrioEmpleados/src/DirectorioEmpleados/DirectorioEmpledos.java</file>
            <file>file:/C:/Users/ksori/Documents/NetBeansProjects/DirectotrioEmpleados/src/modelos/DataBase.java</file>
            <file>file:/C:/Users/ksori/Documents/NetBeansProjects/DirectotrioEmpleados/src/controladores/EditarEmpleadosController.java</file>
            <file>file:/C:/Users/ksori/Documents/NetBeansProjects/DirectotrioEmpleados/src/vistas/VerEmpleadosInternalFrame.java</file>
            <file>file:/C:/Users/ksori/Documents/NetBeansProjects/DirectotrioEmpleados/src/modelos/DataManager.java</file>
            <file>file:/C:/Users/ksori/Documents/NetBeansProjects/DirectotrioEmpleados/src/vistas/VerDepartamentoInvitadoInternalFrame.java</file>
            <file>file:/C:/Users/ksori/Documents/NetBeansProjects/DirectotrioEmpleados/src/vistas/VerEmpleadosInvitadoInternalFrame.java</file>
            <file>file:/C:/Users/ksori/Documents/NetBeansProjects/DirectotrioEmpleados/src/vistas/VerDepartamentosInternalFrame.java</file>
            <file>file:/C:/Users/ksori/Documents/NetBeansProjects/DirectotrioEmpleados/src/controladores/IngresoController.java</file>
            <file>file:/C:/Users/ksori/Documents/NetBeansProjects/DirectotrioEmpleados/src/vistas/Invitado.java</file>
        </group>
    </open-files>
</project-private>
